{
  "project_info": {
    "project_number": "311920507333",
    "project_id": "friendsapp-51577",
    "storage_bucket": "friendsapp-51577.appspot.com"
  },
  "client": [
    {
      "client_info": {
        "mobilesdk_app_id": "1:311920507333:android:a2f12ed5c9b940ac37f3ac",
        "android_client_info": {
          "package_name": "com.jk.firedemo"
        }
      },
      "oauth_client": [
        {
          "client_id": "311920507333-eoabv5eqcpte5bchenp83426cc981fo0.apps.googleusercontent.com",
          "client_type": 3
        }
      ],
      "api_key": [
        {
          "current_key": "AIzaSyA700ox5yX5SsjnTKysWMRB67MHIu97Ihw"
        }
      ],
      "services": {
        "appinvite_service": {
          "other_platform_oauth_client": [
            {
              "client_id": "311920507333-eoabv5eqcpte5bchenp83426cc981fo0.apps.googleusercontent.com",
              "client_type": 3
            }
          ]
        }
      }
    }
  ],
  "configuration_version": "1"
}